"","x","sumJ"
"1","PLoS One","1134"
"2","Genomics","897"
"3","Gene","896"
"4","Cell","745"
"5","BMC Genomics","642"
"6","Methods","575"
"7","Bioinformatics","573"
"8","Cancer","564"
"9","Genome","480"
"10","Nucleic Acids Res","471"
"11","Environ Microbiol","392"
"12","Appl Environ Microbiol","296"
"13","Methods Mol Biol","248"
"14","Cancer Res","241"
"15","Genome Res","232"
"16","J Microbiol","226"
"17","Proc Natl Acad Sci U S A","222"
"18","Genome Biol","203"
"19","BMC Bioinformatics","196"
"20","PLoS Genet","177"
"21","Mol Cell","175"
"22","J Biol","166"
"23","Biol Chem","162"
"24","J Biol Chem","155"
"25","Epigenetics","148"
"26","J Appl Microbiol","125"
"27","J Microbiol Methods","107"
"28","Wei Sheng Wu Xue Bao","104"
"29","RNA","103"
"30","Sci Rep","91"
"31","FEMS Microbiol Ecol","86"
"32","Mol Ecol","86"
"33","Breast Cancer Res","84"
"34","Proteomics","81"
"35","Int J Syst Evol Microbiol","80"
"36","Genes Dev","78"
"37","Oncogene","78"
"38","Appl Microbiol Biotechnol","77"
"39","Nat Biotechnol","76"
"40","Microb Ecol","75"
"41","Mol Cancer","75"
"42","Nat Methods","67"
"43","Plant Cell","67"
"44","PLoS Comput Biol","65"
"45","Biochem Biophys Res Commun","64"
"46","Cell Rep","62"
"47","Plant Physiol","62"
"48","BMC Plant Biol","61"
"49","Plant Sci","60"
"50","J Virol","58"
"51","Mol Cell Biol","58"
"52","Nat Commun","58"
"53","Nat Protoc","58"
"54","J Microbiol Biotechnol","56"
"55","Nature","55"
"56","PLoS Pathog","55"
"57","Brain","53"
"58","Breast Cancer Res Treat","52"
"59","Front Genet","51"
"60","J Neurosci","51"
"61","FEMS Microbiol Lett","48"
"62","Lett Appl Microbiol","48"
"63","Front Plant Sci","45"
"64","Int J Cancer","45"
"65","Plant J","45"
"66","Biochim Biophys Acta","44"
"67","G3 Bethesda","44"
"68","Dev Biol","43"
"69","Neuroscience","43"
"70","Bioresour Technol","42"
"71","Methods Enzymol","42"
"72","Brain Res","40"
"73","ISME J","40"
"74","BMC Med","39"
"75","RNA Biol","39"
"76","Ying Yong Sheng Tai Xue Bao","39"
"77","Angew Chem Int Ed Engl","38"
"78","BMC Cancer","38"
"79","J Proteome Res","37"
"80","New Phytol","37"
"81","Hum Mol Genet","35"
"82","Mol Plant","35"
"83","J Mol Biol","34"
"84","Mol Med","34"
"85","Syst Appl Microbiol","34"
"86","Clin Cancer Res","33"
"87","Curr Microbiol","33"
"88","Elife","33"
"89","J Bacteriol","33"
"90","Physiol Genomics","33"
"91","World J Microbiol Biotechnol","33"
"92","Genome Biol Evol","32"
"93","Mol Cancer Ther","32"
"94","Hum Genet","31"
"95","Mol Ecol Resour","31"
"96","BMC Med Genomics","30"
"97","Cell Res","30"
"98","EMBO J","30"
"99","Environ Sci Technol","30"
"100","Mol Biol Evol","30"
"101","Mol Genet Genomics","30"
"102","Science","30"
"103","Blood","29"
"104","Development","29"
"105","Life Sci","29"
"106","Theor Appl Genet","29"
"107","Biotechnol J","28"
"108","BMC Res Notes","28"
"109","Electrophoresis","28"
"110","J Cell Biochem","28"
"111","J Vis Exp","28"
"112","Mol Endocrinol","28"
"113","Plant Mol Biol","28"
"114","PLoS Negl Trop Dis","28"
"115","Can J Microbiol","27"
"116","Int J Mol Sci","27"
"117","J Comput Biol","27"
"118","Mol Cancer Res","27"
"119","Nano Lett","27"
"120","Oncotarget","27"
"121","Plant Cell Physiol","27"
"122","Yi Chuan","27"
"123","ACS Nano","26"
"124","Carcinogenesis","26"
"125","Environ Sci Pollut Res Int","26"
"126","Genet Mol Res","26"
"127","Genetics","26"
"128","J Biotechnol","26"
"129","Antonie Van Leeuwenhoek","25"
"130","Anal Chem","24"
"131","Ann Bot","24"
"132","BMC Syst Biol","24"
"133","Front Microbiol","24"
"134","J Am Chem Soc","24"
"135","J Biochem","24"
"136","J Physiol","24"
"137","Nat Genet","24"
"138","Anticancer Res","23"
"139","Biomed Res","23"
"140","Cancer Lett","23"
"141","Epigenetics Chromatin","23"
"142","FEBS Lett","23"
"143","Huan Jing Ke Xue","23"
"144","J Clin Microbiol","23"
"145","J Exp Bot","23"
"146","Mar Genomics","23"
"147","MBio","23"
"148","Nat Struct Mol Biol","23"
"149","Oncol Rep","23"
"150","Biol Reprod","22"
"151","Biomed Res Int","22"
"152","BMC Microbiol","22"
"153","Curr Protoc Mol Biol","22"
"154","Int J Oncol","22"
"155","J Hazard Mater","22"
"156","J Steroid Biochem Mol Biol","22"
"157","Mol Biol Rep","22"
"158","Mol Microbiol","22"
"159","Brief Bioinform","21"
"160","Gene Ther","21"
"161","J Cell Physiol","21"
"162","J Comp Neurol","21"
"163","J Hum Genet","21"
"164","Nanotechnology","21"
"165","Nat Rev Genet","21"
"166","Cell Cycle","20"
"167","FASEB J","20"
"168","Gen Comp Endocrinol","20"
"169","Genome Med","20"
"170","J Med Genet","20"
"171","J Neurochem","20"
"172","Biophys J","19"
"173","Clin Epigenetics","19"
"174","Epigenomics","19"
"175","Infect Immun","19"
"176","J Neuroendocrinol","19"
"177","J Pathol","19"
"178","Cold Spring Harb Protoc","18"
"179","Fungal Genet Biol","18"
"180","Microbes Environ","18"
"181","Mol Cell Proteomics","18"
"182","Mycologia","18"
"183","Mycorrhiza","18"
"184","Am J Bot","17"
"185","Biodegradation","17"
"186","BMC Biol","17"
"187","Cancer Biol Ther","17"
"188","Chem Biol","17"
"189","Database Oxford","17"
"190","DNA Res","17"
"191","J Parasitol","17"
"192","Mol Cell Endocrinol","17"
"193","PLoS Biol","17"
"194","Anim Genet","16"
"195","Chemosphere","16"
"196","Comp Biochem Physiol Part D Genomics Proteomics","16"
"197","Eur J Neurosci","16"
"198","Genes Chromosomes Cancer","16"
"199","J Biosci","16"
"200","J Immunol","16"
"201","Microbiol Res","16"
"202","Stem Cells","16"
"203","Tumour Biol","16"
"204","Biochemistry","15"
"205","Biotechnol Lett","15"
"206","Clin Exp Metastasis","15"
"207","Endocrinology","15"
"208","Genet Mol Biol","15"
"209","Hum Mutat","15"
"210","Insect Biochem Mol Biol","15"
"211","J Plant Physiol","15"
"212","Microbiology","15"
"213","Plant Biotechnol J","15"
"214","Sheng Wu Gong Cheng Xue Bao","15"
"215","Toxicol Sci","15"
"216","Antimicrob Agents Chemother","14"
"217","Appl Biochem Biotechnol","14"
"218","Biochem Soc Trans","14"
"219","Biotechnol Biofuels","14"
"220","Brief Funct Genomics","14"
"221","Exp Neurol","14"
"222","Fish Shellfish Immunol","14"
"223","Funct Integr Genomics","14"
"224","J Autism Dev Disord","14"
"225","J Biosci Bioeng","14"
"226","Mol Biosyst","14"
"227","Phytopathology","14"
"228","Sci Total Environ","14"
"229","Stat Appl Genet Mol Biol","14"
"230","Thromb Haemost","14"
"231","AIDS","13"
"232","Biochem Cell Biol","13"
"233","Biotechniques","13"
"234","Bull Soc Pathol Exot","13"
"235","Cancer Gene Ther","13"
"236","Cell Dev Biol","13"
"237","Cell Tissue Res","13"
"238","Chemistry","13"
"239","Curr Opin Microbiol","13"
"240","Cytokine","13"
"241","Exp Cell Res","13"
"242","Genom Data","13"
"243","Hum Reprod","13"
"244","J Basic Microbiol","13"
"245","J Cell Sci","13"
"246","J Ind Microbiol Biotechnol","13"
"247","J Integr Plant Biol","13"
"248","Mycol Res","13"
"249","Nanoscale","13"
"250","Nat Nanotechnol","13"
"251","Neoplasia","13"
"252","Neurobiol Dis","13"
"253","Neurosci Res","13"
"254","Nucleus","13"
"255","PeerJ","13"
"256","Plant Physiol Biochem","13"
"257","Sci China Life Sci","13"
"258","Soft Matter","13"
"259","Adv Exp Med Biol","12"
"260","Am J Hum Genet","12"
"261","Biochem J","12"
"262","Bone","12"
"263","Curr Biol","12"
"264","Dev Comp Immunol","12"
"265","Environ Health","12"
"266","Eukaryot Cell","12"
"267","J Appl Genet","12"
"268","J Genet Genomics","12"
"269","J Invest Dermatol","12"
"270","Mol Biol Mosk","12"
"271","Mol Phylogenet Evol","12"
"272","Mol Syst Biol","12"
"273","Neurosci Lett","12"
"274","Planta","12"
"275","Trends Genet","12"
"276","Virology","12"
"277","Am J Med Genet","11"
"278","Anal Biochem","11"
"279","Biochem Pharmacol","11"
"280","Cell Stem Cell","11"
"281","Conf Proc IEEE Eng Med Biol Soc","11"
"282","Environ Pollut","11"
"283","Environ Toxicol","11"
"284","Exp Hematol","11"
"285","Immunity","11"
"286","Int J Biochem Cell Biol","11"
"287","Invest Ophthalmol Vis Sci","11"
"288","J Bioinform Comput Biol","11"
"289","J Clin Invest","11"
"290","J Gen Appl Microbiol","11"
"291","J Neurosci Res","11"
"292","J Proteomics","11"
"293","J Virol Methods","11"
"294","Med Sante Trop","11"
"295","Mol Biotechnol","11"
"296","Mol Cell Biochem","11"
"297","Parasit Vectors","11"
"298","Transcription","11"
"299","Water Sci Technol","11"
"300","Algorithms Mol Biol","10"
"301","Am J Pathol","10"
"302","Bioessays","10"
"303","Biol Direct","10"
"304","BMC Evol Biol","10"
"305","Cancer Inform","10"
"306","Cell Signal","10"
"307","Dev Cell","10"
"308","Fertil Steril","10"
"309","Food Chem Toxicol","10"
"310","Free Radic Biol Med","10"
"311","Front Physiol","10"
"312","Genetika","10"
"313","Genomics Proteomics Bioinformatics","10"
"314","J Nucl Med","10"
"315","Leukemia","10"
"316","Mol Brain","10"
"317","Mol Pharm","10"
"318","Mol Ther","10"
"319","Phys Rev E Stat Nonlin Soft Matter Phys","10"
"320","Plant Cell Rep","10"
"321","Res Microbiol","10"
"322","Structure","10"
"323","Aquat Toxicol","9"
"324","Arch Microbiol","9"
"325","Biostatistics","9"
"326","Br J Pharmacol","9"
"327","Brain Res Mol Brain Res","9"
"328","Endocr Relat Cancer","9"
"329","Environ Manage","9"
"330","Folia Microbiol Praha","9"
"331","Fungal Biol","9"
"332","Gene Regul Syst Bio","9"
"333","Int J Mol Med","9"
"334","Int J Parasitol","9"
"335","J Acquir Immune Defic Syndr","9"
"336","J Agric Food Chem","9"
"337","J Antimicrob Chemother","9"
"338","J Clin Endocrinol Metab","9"
"339","J Endocrinol","9"
"340","J Environ Sci China","9"
"341","J Environ Sci Health B","9"
"342","Mol Carcinog","9"
"343","Mol Med Rep","9"
"344","Mol Plant Microbe Interact","9"
"345","Mol Plant Pathol","9"
"346","Mutat Res","9"
"347","Philos Trans R Soc Lond B Biol Sci","9"
"348","Phys Rev Lett","9"
"349","Protist","9"
"350","Stat Biosci","9"
"351","Viruses","9"
"352","Aging Cell","8"
"353","Allergy","8"
"354","Am J Med Genet A","8"
"355","Biochimie","8"
"356","Biol Pharm Bull","8"
"357","Bioorg Med Chem","8"
"358","Br J Cancer","8"
"359","Chem Asian J","8"
"360","Chem Commun Camb","8"
"361","Clin Chem","8"
"362","Clin Infect Dis","8"
"363","Curr Opin Biotechnol","8"
"364","Curr Opin Plant Biol","8"
"365","Ecotoxicology","8"
"366","Environ Health Perspect","8"
"367","Environ Res","8"
"368","Front Bioeng Biotechnol","8"
"369","Heredity Edinb","8"
"370","J Anim Sci","8"
"371","J Antibiot Tokyo","8"
"372","J Cancer Res Clin Oncol","8"
"373","J Exp Biol","8"
"374","J Genomics","8"
"375","J Infect Dis","8"
"376","J Phys Chem B","8"
"377","J Transl Med","8"
"378","Microb Biotechnol","8"
"379","Mikrobiologiia","8"
"380","Mol Hum Reprod","8"
"381","Mol Immunol","8"
"382","Mol Oncol","8"
"383","Mol Pharmacol","8"
"384","Mol Psychiatry","8"
"385","Mycopathologia","8"
"386","Nat Neurosci","8"
"387","Neurobiol Aging","8"
"388","Plant Signal Behav","8"
"389","Stem Cell Reports","8"
"390","Synapse","8"
"391","Toxicol Appl Pharmacol","8"
"392","Vet Parasitol","8"
"393","Waste Manag","8"
"394","Alcohol","7"
"395","Am J Physiol Gastrointest Liver Physiol","7"
"396","Am J Respir Cell Mol Biol","7"
"397","Ann Rheum Dis","7"
"398","Biol Psychiatry","7"
"399","BMC Biotechnol","7"
"400","BMC Genet","7"
"401","Cancer Cell","7"
"402","Cancer Epidemiol Biomarkers Prev","7"
"403","Cancer Genet","7"
"404","Cell Biosci","7"
"405","Cell Host Microbe","7"
"406","Cell Mol Life Sci","7"
"407","Chem Biol Interact","7"
"408","Chromosome Res","7"
"409","Comp Biochem Physiol C Toxicol Pharmacol","7"
"410","Environ Mol Mutagen","7"
"411","FEBS J","7"
"412","Genes Basel","7"
"413","Genes Brain Behav","7"
"414","Gigascience","7"
"415","Gut","7"
"416","Hepatology","7"
"417","Int Rev Neurobiol","7"
"418","J Environ Manage","7"
"419","J Environ Sci Health A Tox Hazard Subst Environ Eng","7"
"420","J Forensic Sci","7"
"421","J Med Chem","7"
"422","J Nutr","7"
"423","Lung Cancer","7"
"424","Neuroendocrinology","7"
"425","OMICS","7"
"426","Oncol Res","7"
"427","Pac Symp Biocomput","7"
"428","Phys Life Rev","7"
"429","Physiol Plant","7"
"430","Sci Data","7"
"431","ScientificWorldJournal","7"
"432","Transl Psychiatry","7"
"433","Trop Biomed","7"
"434","Vet Res","7"
"435","Virol J","7"
"436","Virus Res","7"
"437","Acta Biotheor","6"
"438","Am J Trop Med Hyg","6"
"439","Apoptosis","6"
"440","Arch Biochem Biophys","6"
"441","Asian Pac J Cancer Prev","6"
"442","Bioconjug Chem","6"
"443","Biol Cell","6"
"444","Biosci Biotechnol Biochem","6"
"445","BMC Mol Biol","6"
"446","Cell Death Dis","6"
"447","Cell Metab","6"
"448","Chromosoma","6"
"449","Circ Res","6"
"450","Curr Genomics","6"
"451","Curr Opin Genet Dev","6"
"452","Ecol Evol","6"
"453","Ecotoxicol Environ Saf","6"
"454","Food Microbiol","6"
"455","Front Neurosci","6"
"456","Genes Cells","6"
"457","Genes Genet Syst","6"
"458","Glia","6"
"459","Heart","6"
"460","J Appl Physiol 1985","6"
"461","J Bone Miner Res","6"
"462","J Cell Biol","6"
"463","J Chem Phys","6"
"464","J Clin Virol","6"
"465","J Epidemiol","6"
"466","J Gastroenterol","6"
"467","J Invertebr Pathol","6"
"468","J Leukoc Biol","6"
"469","J Magn Reson","6"
"470","J Natl Cancer Inst","6"
"471","J Thromb Haemost","6"
"472","Lab Invest","6"
"473","Lancet","6"
"474","Langmuir","6"
"475","Microbiol Immunol","6"
"476","Mol Cell Neurosci","6"
"477","Mol Vis","6"
"478","Nat Immunol","6"
"479","Neuro Oncol","6"
"480","Neuron","6"
"481","Parasitol Res","6"
"482","Peptides","6"
"483","Plant Cell Environ","6"
"484","Proc Biol Sci","6"
"485","Protein Expr Purif","6"
"486","Retrovirology","6"
"487","Semin Cell Dev Biol","6"
"488","Trends Biotechnol","6"
"489","Water Res","6"
"490","Wiley Interdiscip Rev RNA","6"
"491","Xi Bao Yu Fen Zi Mian Yi Xue Za Zhi","6"
"492","Z Naturforsch C","6"
"493","Am J Respir Crit Care Med","5"
"494","Ann N Y Acad Sci","5"
"495","Ann Neurol","5"
"496","Arthritis Rheum","5"
"497","Asian Pac J Trop Biomed","5"
"498","Atherosclerosis","5"
"499","Autophagy","5"
"500","Bioinformation","5"
"501","Biol Res","5"
"502","Biometrics","5"
"503","Biosens Bioelectron","5"
"504","Biotechnol Bioeng","5"
"505","BMC Dev Biol","5"
"506","Braz J Microbiol","5"
"507","Cancer Discov","5"
"508","Cancer Genet Cytogenet","5"
"509","Cancer Prev Res Phila","5"
"510","Cell Biol Int","5"
"511","Clin Chim Acta","5"
"512","Clin Microbiol Infect","5"
"513","Comput Struct Biotechnol J","5"
"514","Crit Rev Biochem Mol Biol","5"
"515","Curr Opin Cell Biol","5"
"516","Curr Protoc Bioinformatics","5"
"517","Diabetes","5"
"518","Dongwuxue Yanjiu","5"
"519","Environ Microbiol Rep","5"
"520","Environ Technol","5"
"521","Environ Toxicol Chem","5"
"522","Eur J Cancer","5"
"523","Eur J Hum Genet","5"
"524","Eur J Protistol","5"
"525","Eur Rev Med Pharmacol Sci","5"
"526","Evol Bioinform Online","5"
"527","Evolution","5"
"528","Exp Parasitol","5"
"529","Extremophiles","5"
"530","Genetica","5"
"531","Genome Announc","5"
"532","Hum Genomics","5"
"533","Infect Genet Evol","5"
"534","Int J Biol Sci","5"
"535","Int J Clin Exp Pathol","5"
"536","Int J Genomics","5"
"537","Int J Legal Med","5"
"538","Integr Comp Biol","5"
"539","J Biomed Biotechnol","5"
"540","J Biomed Sci","5"
"541","J Environ Monit","5"
"542","J Eukaryot Microbiol","5"
"543","J Exp Med","5"
"544","J Med Microbiol","5"
"545","J Mol Cell Biol","5"
"546","J Phys Condens Matter","5"
"547","J Zhejiang Univ Sci B","5"
"548","Kidney Int","5"
"549","Lab Chip","5"
"550","Mamm Genome","5"
"551","Mar Biotechnol NY","5"
"552","Mar Drugs","5"
"553","Med Mycol","5"
"554","Med Sci Monit","5"
"555","Mol Biol Cell","5"
"556","Mol Cells","5"
"557","Nanoscale Res Lett","5"
"558","Plant Methods","5"
"559","Pol J Microbiol","5"
"560","Prostate","5"
"561","Reprod Biomed Online","5"
"562","Small","5"
"563","Source Code Biol Med","5"
"564","Tsitologiia","5"
"565","Ultrasonics","5"
"566","Age Dordr","4"
"567","Aging Albany NY","4"
"568","Am J Physiol Endocrinol Metab","4"
"569","Amino Acids","4"
"570","Arterioscler Thromb Vasc Biol","4"
"571","Arthritis Rheumatol","4"
"572","Biomaterials","4"
"573","Biomed Microdevices","4"
"574","Br J Nutr","4"
"575","Cancer Sci","4"
"576","Cell Death Differ","4"
"577","Cell Oncol","4"
"578","Cell Physiol Biochem","4"
"579","Cell Regen Lond","4"
"580","Circulation","4"
"581","Clin Biochem","4"
"582","Commun Agric Appl Biol Sci","4"
"583","Curr Protoc Hum Genet","4"
"584","Cytogenet Genome Res","4"
"585","Dev Psychopathol","4"
"586","Drug Metab Dispos","4"
"587","Environ Int","4"
"588","Environ Monit Assess","4"
"589","Eur J Biochem","4"
"590","Eur J Cell Biol","4"
"591","Eur J Med Genet","4"
"592","Eur J Nucl Med Mol Imaging","4"
"593","Evol Appl","4"
"594","Exp Biol Med Maywood","4"
"595","Expert Rev Mol Diagn","4"
"596","Forensic Sci Int","4"
"597","Front Cell Dev Biol","4"
"598","Front Cell Infect Microbiol","4"
"599","Front Immunol","4"
"600","Front Oncol","4"
"601","Gene Expr","4"
"602","Genes Cancer","4"
"603","Hum Gene Ther","4"
"604","IEEE J Biomed Health Inform","4"
"605","IEEE Trans Nanobioscience","4"
"606","Immunol Lett","4"
"607","Indian J Med Res","4"
"608","Indian J Microbiol","4"
"609","Inflamm Bowel Dis","4"
"610","Inorg Chem","4"
"611","Insect Mol Biol","4"
"612","Int J Food Microbiol","4"
"613","Int Microbiol","4"
"614","Integr Biol Camb","4"
"615","J Dermatol","4"
"616","J Environ Biol","4"
"617","J Environ Qual","4"
"618","J Gen Virol","4"
"619","J Integr Bioinform","4"
"620","J Lipid Res","4"
"621","J Nematol","4"
"622","J Organomet Chem","4"
"623","J Theor Biol","4"
"624","JAMA","4"
"625","Microb Cell Fact","4"
"626","Microbiome","4"
"627","Mikrobiol Z","4"
"628","Nat Cell Biol","4"
"629","Nat Mater","4"
"630","Naturwissenschaften","4"
"631","Opt Express","4"
"632","Opt Lett","4"
"633","Oral Oncol","4"
"634","Pain","4"
"635","Pathol Oncol Res","4"
"636","Placenta","4"
"637","Plasmid","4"
"638","Prikl Biokhim Mikrobiol","4"
"639","Proteins","4"
"640","Quant Biol","4"
"641","Stem Cell Res","4"
"642","Steroids","4"
"643","Toxicol In Vitro","4"
"644","Toxicology","4"
"645","Toxicon","4"
"646","Vet Microbiol","4"
"647","Wiley Interdiscip Rev Dev Biol","4"
"648","World J Gastroenterol","4"
"649","Yeast","4"
"650","ACS Chem Biol","3"
"651","Acta Biochim Biophys Sin Shanghai","3"
"652","Acta Crystallogr F Struct Biol Commun","3"
"653","Acta Neuropathol","3"
"654","Am J Physiol Regul Integr Comp Physiol","3"
"655","Anal Bioanal Chem","3"
"656","Analyst","3"
"657","Angiogenesis","3"
"658","Ann Appl Stat","3"
"659","Ann Biomed Eng","3"
"660","Ann Surg Oncol","3"
"661","Anticancer Drugs","3"
"662","Antivir Ther","3"
"663","Appl Plant Sci","3"
"664","Arthritis Res Ther","3"
"665","Autism Res","3"
"666","BioData Min","3"
"667","Bioinform Biol Insights","3"
"668","Biol Trace Elem Res","3"
"669","Bioorg Med Chem Lett","3"
"670","Bioprocess Biosyst Eng","3"
"671","Biotechnol Adv","3"
"672","Biotechnol Prog","3"
"673","BMC Cell Biol","3"
"674","BMC Complement Altern Med","3"
"675","BMC Ecol","3"
"676","BMC Med Genet","3"
"677","Brain Res Bull","3"
"678","C R Biol","3"
"679","Cancer Chemother Pharmacol","3"
"680","Cancer Genomics Proteomics","3"
"681","Carbohydr Polym","3"
"682","Cereb Cortex","3"
"683","Chem Res Toxicol","3"
"684","Chem Sci","3"
"685","ChemMedChem","3"
"686","Chemphyschem","3"
"687","Chronobiol Int","3"
"688","Circ Cardiovasc Genet","3"
"689","Clin Chem Lab Med","3"
"690","Curr Genet","3"
"691","Curr Opin Struct Biol","3"
"692","Cytogenet Cell Genet","3"
"693","Cytokine Growth Factor Rev","3"
"694","Data Brief","3"
"695","Diabetologia","3"
"696","Diagn Pathol","3"
"697","DNA Cell Biol","3"
"698","Drug Discov Today","3"
"699","EMBO Rep","3"
"700","Emerg Infect Dis","3"
"701","Environ Toxicol Pharmacol","3"
"702","Enzyme Microb Technol","3"
"703","Epilepsia","3"
"704","Eur Urol","3"
"705","Exp Eye Res","3"
"706","Exp Mol Med","3"
"707","Exp Mol Pathol","3"
"708","Fa Yi Xue Za Zhi","3"
"709","Forensic Sci Int Genet","3"
"710","Gastroenterology","3"
"711","Genet Epidemiol","3"
"712","Glycoconj J","3"
"713","Gynecol Oncol","3"
"714","Head Neck","3"
"715","Hear Res","3"
"716","Histochem Cell Biol","3"
"717","Horm Cancer","3"
"718","Immunol Rev","3"
"719","Ind Health","3"
"720","Inflammation","3"
"721","Insect Sci","3"
"722","Int J Epidemiol","3"
"723","Int J Phytoremediation","3"
"724","J Acoust Soc Am","3"
"725","J Allergy Clin Immunol","3"
"726","J Alzheimers Dis","3"
"727","J Am Coll Cardiol","3"
"728","J Biochem Mol Toxicol","3"
"729","J Biomol Tech","3"
"730","J Cell Mol Med","3"
"731","J Clin Pathol","3"
"732","J Colloid Interface Sci","3"
"733","J Drug Target","3"
"734","J Econ Entomol","3"
"735","J Food Prot","3"
"736","J Gene Med","3"
"737","J Hematol Oncol","3"
"738","J Insect Physiol","3"
"739","J Int AIDS Soc","3"
"740","J Mass Spectrom","3"
"741","J Mol Cell Cardiol","3"
"742","J Mol Evol","3"
"743","J Mol Microbiol Biotechnol","3"
"744","J Mycol Med","3"
"745","J Nanosci Nanotechnol","3"
"746","J Neural Transm","3"
"747","J Neuroinflammation","3"
"748","J Proteomics Bioinform","3"
"749","J Struct Biol","3"
"750","J Surg Res","3"
"751","J Water Health","3"
"752","Microbes Infect","3"
"753","Mol Autism","3"
"754","Mol Biochem Parasitol","3"
"755","Mol Cell Probes","3"
"756","Mol Genet Genomic Med","3"
"757","Mol Imaging Biol","3"
"758","Mol Reprod Dev","3"
"759","Molecules","3"
"760","Mov Disord","3"
"761","Mult Scler","3"
"762","Nan Fang Yi Ke Da Xue Xue Bao","3"
"763","Nanomedicine","3"
"764","Nat Chem","3"
"765","Nat Med","3"
"766","Neoplasma","3"
"767","Neurochem Int","3"
"768","Neurogastroenterol Motil","3"
"769","Neurol Sci","3"
"770","Neuropharmacology","3"
"771","Nucl Med Biol","3"
"772","Nutr Cancer","3"
"773","Oecologia","3"
"774","Pediatr Infect Dis J","3"
"775","Pest Manag Sci","3"
"776","Poult Sci","3"
"777","Pregnancy Hypertens","3"
"778","Protoplasma","3"
"779","Rapid Commun Mass Spectrom","3"
"780","Regul Pept","3"
"781","Rev Argent Microbiol","3"
"782","Sci Transl Med","3"
"783","Semin Cancer Biol","3"
"784","Semin Immunol","3"
"785","Sichuan Da Xue Xue Bao Yi Xue Ban","3"
"786","Skelet Muscle","3"
"787","Stat Med","3"
"788","Stem Cells Dev","3"
"789","Theranostics","3"
"790","Trans R Soc Trop Med Hyg","3"
"791","Vet J","3"
"792","Waste Manag Res","3"
"793","Yi Chuan Xue Bao","3"
"794","Zhongguo Yi Xue Ke Xue Yuan Xue Bao","3"
"795","Zhongguo Zhong Yao Za Zhi","3"
"796","Zhonghua Zhong Liu Za Zhi","3"
"797","Zoolog Sci","3"
"798","ACS Appl Mater Interfaces","2"
"799","Acta Biochim Pol","2"
"800","Acta Crystallogr D Biol Crystallogr","2"
"801","Acta Crystallogr Sect F Struct Biol Cryst Commun","2"
"802","Acta Microbiol Pol","2"
"803","Acta Naturae","2"
"804","Acta Trop","2"
"805","Adv Immunol","2"
"806","Ageing Res Rev","2"
"807","Ai Zheng","2"
"808","AIDS Res Hum Retroviruses","2"
"809","Alcohol Alcohol","2"
"810","Alcohol Clin Exp Res","2"
"811","Am Heart J","2"
"812","Am J Physiol Lung Cell Mol Physiol","2"
"813","Am J Physiol Renal Physiol","2"
"814","Am J Transplant","2"
"815","Anaerobe","2"
"816","Ann Noninvasive Electrocardiol","2"
"817","Annu Rev Anal Chem Palo Alto Calif","2"
"818","Anthropol Med","2"
"819","Antiviral Res","2"
"820","Arch Dermatol Res","2"
"821","Arch Insect Biochem Physiol","2"
"822","Arch Med Res","2"
"823","Arch Toxicol","2"
"824","Asian-Australas J Anim Sci","2"
"825","Basic Res Cardiol","2"
"826","Biochemistry Mosc","2"
"827","Biol Open","2"
"828","Biology Basel","2"
"829","Biomark Insights","2"
"830","Bioorg Khim","2"
"831","Biotechnol Appl Biochem","2"
"832","BMC Infect Dis","2"
"833","BMC Neurosci","2"
"834","BMC Proc","2"
"835","BMC Public Health","2"
"836","BMC Vet Res","2"
"837","BMJ Open","2"
"838","Br J Haematol","2"
"839","Brain Behav Immun","2"
"840","Breast Cancer Auckl","2"
"841","Brief Funct Genomic Proteomic","2"
"842","Bull Entomol Res","2"
"843","Cancer Biomark","2"
"844","Cancer Biother Radiopharm","2"
"845","Cancer Detect Prev","2"
"846","Cancer Metastasis Rev","2"
"847","Carbohydr Res","2"
"848","Cardiovasc Res","2"
"849","CBE Life Sci Educ","2"
"850","Cell Adh Migr","2"
"851","Cell Biochem Biophys","2"
"852","Cell Commun Signal","2"
"853","Cell Growth Differ","2"
"854","Cell Immunol","2"
"855","Cell Microbiol","2"
"856","Cell Mol Immunol","2"
"857","Cell Oncol Dordr","2"
"858","Cell Prolif","2"
"859","Cell Reprogram","2"
"860","Cell Stress Chaperones","2"
"861","Chembiochem","2"
"862","Chin Med J Engl","2"
"863","Clin Exp Allergy","2"
"864","Clin Exp Med","2"
"865","Clin Lab","2"
"866","Cold Spring Harb Perspect Med","2"
"867","Cold Spring Harb Symp Quant Biol","2"
"868","Comp Biochem Physiol A Mol Integr Physiol","2"
"869","Comp Biochem Physiol B Biochem Mol Biol","2"
"870","Comput Math Methods Med","2"
"871","Cornea","2"
"872","Crit Rev Biotechnol","2"
"873","Crit Rev Eukaryot Gene Expr","2"
"874","Curr Med Chem","2"
"875","Curr Opin Virol","2"
"876","Curr Pharm Biotechnol","2"
"877","Curr Protoc Cell Biol","2"
"878","Curr Top Microbiol Immunol","2"
"879","Dev Dyn","2"
"880","Dev Growth Differ","2"
"881","Dev Neurobiol","2"
"882","Dev Neurosci","2"
"883","Diabet Med","2"
"884","Diabetes Res Clin Pract","2"
"885","Diagn Cytopathol","2"
"886","Differentiation","2"
"887","Dig Dis","2"
"888","Dis Markers","2"
"889","Domest Anim Endocrinol","2"
"890","Endocrine","2"
"891","Environ Geochem Health","2"
"892","Epidemiol Infect","2"
"893","Eur J Clin Microbiol Infect Dis","2"
"894","Eur J Clin Nutr","2"
"895","Eur J Haematol","2"
"896","Eur J Pharmacol","2"
"897","Eur Phys J E Soft Matter","2"
"898","Eur Respir J","2"
"899","Evid Based Dent","2"
"900","Exp Dermatol","2"
"901","Expert Opin Biol Ther","2"
"902","F1000 Biol Rep","2"
"903","F1000Res","2"
"904","FEMS Microbiol Rev","2"
"905","Front Biosci Elite Ed","2"
"906","Front Mol Neurosci","2"
"907","Front Neurol","2"
"908","Front Zool","2"
"909","Future Microbiol","2"
"910","Genes Immun","2"
"911","Genet Res Camb","2"
"912","Genomics Inform","2"
"913","Glob Chang Biol","2"
"914","Glob Health Promot","2"
"915","Ground Water","2"
"916","Gut Microbes","2"
"917","Hepatobiliary Pancreat Dis Int","2"
"918","Hereditas","2"
"919","Hum Pathol","2"
"920","Hum Reprod Update","2"
"921","Hybridoma Larchmt","2"
"922","IEEE Trans Biomed Eng","2"
"923","IET Syst Biol","2"
"924","ILAR J","2"
"925","Immunogenetics","2"
"926","In Vitro Cell Dev Biol Anim","2"
"927","Indian J Biochem Biophys","2"
"928","Indian J Exp Biol","2"
"929","Infect Dis Poverty","2"
"930","Int J Bioinform Res Appl","2"
"931","Int J Comput Biol Drug Des","2"
"932","Int J Dev Biol","2"
"933","Int J Environ Res Public Health","2"
"934","Int J Med Microbiol","2"
"935","Int J Pharm","2"
"936","Int J Womens Health","2"
"937","Int Rev Cell Mol Biol","2"
"938","Int Rev Cytol","2"
"939","Int Urogynecol J","2"
"940","Iran J Microbiol","2"
"941","Iran J Parasitol","2"
"942","ISRN Bioinform","2"
"943","IUBMB Life","2"
"944","J Appl Toxicol","2"
"945","J Biomed Mater Res B Appl Biomater","2"
"946","J Biomol NMR","2"
"947","J Carcinog","2"
"948","J Cent Nerv Syst Dis","2"
"949","J Chromatogr A","2"
"950","J Chromatogr B Analyt Technol Biomed Life Sci","2"
"951","J Clin Bioinforma","2"
"952","J Clin Periodontol","2"
"953","J Comp Physiol B","2"
"954","J Comput Chem","2"
"955","J Contam Hydrol","2"
"956","J Cross Cult Gerontol","2"
"957","J Dairy Sci","2"
"958","J Ethnopharmacol","2"
"959","J Evol Biol","2"
"960","J Exp Zool B Mol Dev Evol","2"
"961","J Geophys Res Oceans","2"
"962","J Hepatol","2"
"963","J Histochem Cytochem","2"
"964","J Inorg Biochem","2"
"965","J Interferon Cytokine Res","2"
"966","J Math Biol","2"
"967","J Mol Endocrinol","2"
"968","J Mol Histol","2"
"969","J Mol Neurosci","2"
"970","J Mol Signal","2"
"971","J Neuroimmunol","2"
"972","J Neurol Sci","2"
"973","J Neurophysiol","2"
"974","J Nucleic Acids","2"
"975","J Ovarian Res","2"
"976","J Pediatr","2"
"977","J Pept Sci","2"
"978","J Pharmacol Exp Ther","2"
"979","J Pineal Res","2"
"980","J Public Health Policy","2"
"981","J Sci Food Agric","2"
"982","J Toxicol Environ Health A","2"
"983","J Toxicol Sci","2"
"984","Jpn J Infect Dis","2"
"985","Lancet Glob Health","2"
"986","Lancet Neurol","2"
"987","Leuk Lymphoma","2"
"988","Malar J","2"
"989","Mar Pollut Bull","2"
"990","Matrix Biol","2"
"991","Mech Dev","2"
"992","Med Clin Barc","2"
"993","Med Oncol","2"
"994","Med Sci Paris","2"
"995","Mediators Inflamm","2"
"996","Metabolism","2"
"997","Metallomics","2"
"998","Methods Mol Med","2"
"999","Microbiologyopen","2"
"1000","Mitochondrial DNA","2"
"1001","Mitochondrion","2"
"1002","Mod Pathol","2"
"1003","Mol Cell Biol Res Commun","2"
"1004","Mol Metab","2"
"1005","Mol Oral Microbiol","2"
"1006","Mol Pain","2"
"1007","N Biotechnol","2"
"1008","Nat Chem Biol","2"
"1009","Nat Rev Microbiol","2"
"1010","Nephrol Dial Transplant","2"
"1011","Neural Netw","2"
"1012","Neurochem Res","2"
"1013","Neurodegener Dis","2"
"1014","Neurology","2"
"1015","Neuromolecular Med","2"
"1016","Neuroreport","2"
"1017","Nucleosides Nucleotides Nucleic Acids","2"
"1018","Oncogenesis","2"
"1019","Oncol Lett","2"
"1020","Oncology","2"
"1021","Oncoscience","2"
"1022","Open Biol","2"
"1023","Organometallics","2"
"1024","Oxid Med Cell Longev","2"
"1025","Percept Mot Skills","2"
"1026","Pharm Res","2"
"1027","Pharmacogenetics","2"
"1028","Pharmacogenomics","2"
"1029","Pharmacol Ther","2"
"1030","Phytochemistry","2"
"1031","Plant Biol Stuttg","2"
"1032","Plant Reprod","2"
"1033","PPAR Res","2"
"1034","Prenat Diagn","2"
"1035","Prog Neuropsychopharmacol Biol Psychiatry","2"
"1036","Prog Retin Eye Res","2"
"1037","Protein Pept Lett","2"
"1038","Protein Sci","2"
"1039","Psychol Rep","2"
"1040","Radiat Res","2"
"1041","Radiother Oncol","2"
"1042","Recent Pat DNA Gene Seq","2"
"1043","Recent Pat Food Nutr Agric","2"
"1044","Reprod Domest Anim","2"
"1045","Reprod Fertil Dev","2"
"1046","Reprod Sci","2"
"1047","Respirology","2"
"1048","Rev Biol Trop","2"
"1049","Rev Iberoam Micol","2"
"1050","Rev Neurol","2"
"1051","Scand J Immunol","2"
"1052","Sci Justice","2"
"1053","Sci Signal","2"
"1054","Sens Actuators B Chem","2"
"1055","Sensors Basel","2"
"1056","Silence","2"
"1057","Soc Sci Med","2"
"1058","Solid State Nucl Magn Reson","2"
"1059","Southeast Asian J Trop Med Public Health","2"
"1060","Stat Methods Med Res","2"
"1061","Stroke","2"
"1062","Stud Health Technol Inform","2"
"1063","Syst Biol Reprod Med","2"
"1064","Syst Parasitol","2"
"1065","Talanta","2"
"1066","Theor Biol Med Model","2"
"1067","Theory Biosci","2"
"1068","Thorax","2"
"1069","Tissue Antigens","2"
"1070","Toxicol Lett","2"
"1071","Toxins Basel","2"
"1072","Transcr Open Access","2"
"1073","Transgenic Res","2"
"1074","Transl Oncol","2"
"1075","Transl Res","2"
"1076","Trends Ecol Evol","2"
"1077","Trends Immunol","2"
"1078","Trends Plant Sci","2"
"1079","Tuberculosis Edinb","2"
"1080","Urol Oncol","2"
"1081","Vaccine","2"
"1082","Vet Immunol Immunopathol","2"
"1083","Wiley Interdiscip Rev Syst Biol Med","2"
"1084","Worm","2"
"1085","Yao Xue Xue Bao","2"
"1086","Zh Mikrobiol Epidemiol Immunobiol","2"
"1087","Zhong Yao Cai","2"
"1088","Zhonghua Bing Li Xue Za Zhi","2"
"1089","Zhonghua Lao Dong Wei Sheng Zhi Ye Bing Za Zhi","2"
"1090","Zhonghua Xue Ye Xue Za Zhi","2"
"1091","Zhonghua Yi Xue Yi Chuan Xue Za Zhi","2"
"1092","AAPS J","1"
"1093","Acc Chem Res","1"
"1094","ACM Conf Bioinform Comput Biol Biomed Inform 2013","1"
"1095","ACS Chem Neurosci","1"
"1096","ACS Comb Sci","1"
"1097","ACS Synth Biol","1"
"1098","Acta Biol Hung","1"
"1099","Acta Biomater","1"
"1100","Acta Med Iran","1"
"1101","Acta Med Okayama","1"
"1102","Acta Microbiol Immunol Hung","1"
"1103","Acta Neuropathol Commun","1"
"1104","Acta Otolaryngol","1"
"1105","Acta Paediatr","1"
"1106","Acta Pharmacol Sin","1"
"1107","Acta Physiol Oxf","1"
"1108","Acta Psychiatr Scand","1"
"1109","Acta Radiol","1"
"1110","Addict Biol","1"
"1111","Adipocyte","1"
"1112","Adv Anat Pathol","1"
"1113","Adv Appl Bioinform Chem","1"
"1114","Adv Appl Microbiol","1"
"1115","Adv Biochem Eng Biotechnol","1"
"1116","Adv Cancer Res","1"
"1117","Adv Dent Res","1"
"1118","Adv Funct Mater","1"
"1119","Adv Gerontol","1"
"1120","Adv Med Sci","1"
"1121","Adv Otorhinolaryngol","1"
"1122","Adv Protein Chem Struct Biol","1"
"1123","Adv Virus Res","1"
"1124","AIDS Rev","1"
"1125","Allergol Immunopathol Madr","1"
"1126","Am J Cardiol","1"
"1127","Am J Clin Exp Urol","1"
"1128","Am J Epidemiol","1"
"1129","Am J Med Genet B Neuropsychiatr Genet","1"
"1130","Am J Med Genet C Semin Med Genet","1"
"1131","Am J Obstet Gynecol","1"
"1132","Am J Phys Anthropol","1"
"1133","Am J Physiol Cell Physiol","1"
"1134","Am J Physiol Heart Circ Physiol","1"
"1135","Am J Reprod Immunol","1"
"1136","Am J Surg Pathol","1"
"1137","Am J Transl Res","1"
"1138","Am J Vet Res","1"
"1139","Am Nat","1"
"1140","Anal Cell Pathol Amst","1"
"1141","Anal Chim Acta","1"
"1142","Anat Cell Biol","1"
"1143","Anat Embryol Berl","1"
"1144","Anat Rec Hoboken","1"
"1145","Andrology","1"
"1146","Ann Allergy Asthma Immunol","1"
"1147","Ann Am Thorac Soc","1"
"1148","Ann Biol Clin Paris","1"
"1149","Ann Chim","1"
"1150","Ann Clin Lab Sci","1"
"1151","Ann Clin Transl Neurol","1"
"1152","Ann Endocrinol Paris","1"
"1153","Ann Hematol","1"
"1154","Ann Hum Genet","1"
"1155","Ann Occup Hyg","1"
"1156","Ann Oncol","1"
"1157","Ann Ophthalmol Skokie","1"
"1158","Ann Trop Med Parasitol","1"
"1159","Annu Rev Anim Biosci","1"
"1160","Annu Rev Biophys Biomol Struct","1"
"1161","Annu Rev Genomics Hum Genet","1"
"1162","Annu Rev Plant Biol","1"
"1163","Appetite","1"
"1164","Appl Phys Lett","1"
"1165","Aquat Biosyst","1"
"1166","Arabidopsis Book","1"
"1167","Arch Med Sadowej Kryminol","1"
"1168","Arch Med Sci","1"
"1169","Arch Neurol","1"
"1170","Arch Otolaryngol Head Neck Surg","1"
"1171","Arch Pediatr","1"
"1172","Arch Virol","1"
"1173","Archaea","1"
"1174","Artif Intell Med","1"
"1175","Asia Pac Psychiatry","1"
"1176","Asian J Androl","1"
"1177","Asian Pac J Trop Med","1"
"1178","Astrobiology","1"
"1179","Aust N Z J Psychiatry","1"
"1180","Australas J Dermatol","1"
"1181","Aviakosm Ekolog Med","1"
"1182","Basic Clin Pharmacol Toxicol","1"
"1183","Behav Brain Res","1"
"1184","Beijing Da Xue Xue Bao","1"
"1185","Beilstein J Nanotechnol","1"
"1186","Biochem Genet","1"
"1187","Biochem Soc Symp","1"
"1188","Biocontrol Sci","1"
"1189","BioDrugs","1"
"1190","Bioeng Bugs","1"
"1191","Biofizika","1"
"1192","Bioimpacts","1"
"1193","Biol Aujourdhui","1"
"1194","Biol Bull","1"
"1195","Biol Philos","1"
"1196","Biol Proced Online","1"
"1197","Biol Res Nurs","1"
"1198","Biol Sex Differ","1"
"1199","Biom J","1"
"1200","Biomark Cancer","1"
"1201","Biomark Med","1"
"1202","Biomed Chromatogr","1"
"1203","Biomed Environ Sci","1"
"1204","Biomed Pharmacother","1"
"1205","Biometals","1"
"1206","Bionanoscience","1"
"1207","Biosensors Basel","1"
"1208","Biotech Histochem","1"
"1209","Biotechnol Biotechnol Equip","1"
"1210","BJU Int","1"
"1211","Blood Cancer J","1"
"1212","Blood Cells Mol Dis","1"
"1213","BMB Rep","1"
"1214","BMC Cardiovasc Disord","1"
"1215","BMC Int Health Hum Rights","1"
"1216","BMC Med Inform Decis Mak","1"
"1217","BMC Med Res Methodol","1"
"1218","BMC Nephrol","1"
"1219","BMC Pulm Med","1"
"1220","BMC Urol","1"
"1221","BMJ Open Diabetes Res Care","1"
"1222","Bone Joint J","1"
"1223","Bonekey Rep","1"
"1224","Br J Clin Pharmacol","1"
"1225","Br J Dermatol","1"
"1226","Br J Dev Psychol","1"
"1227","Brain Pathol","1"
"1228","Braz J Med Biol Res","1"
"1229","Bull Environ Contam Toxicol","1"
"1230","Bull Exp Biol Med","1"
"1231","Bull Tokyo Dent Coll","1"
"1232","Calcif Tissue Int","1"
"1233","Can J Vet Res","1"
"1234","Cancer Immunol Immunother","1"
"1235","Cancer Med","1"
"1236","Cardiovasc J Afr","1"
"1237","Cardiovasc Toxicol","1"
"1238","Cas Lek Cesk","1"
"1239","Cell Commun Adhes","1"
"1240","Cell J","1"
"1241","Cell Motil Cytoskeleton","1"
"1242","Cell Transplant","1"
"1243","Cells Tissues Organs","1"
"1244","Chem Biol Drug Des","1"
"1245","ChemSusChem","1"
"1246","Chest","1"
"1247","Child Abuse Negl","1"
"1248","Child Neuropsychol","1"
"1249","Childs Nerv Syst","1"
"1250","Chimia Aarau","1"
"1251","Chin J Cancer","1"
"1252","Chin J Physiol","1"
"1253","Chin Med Sci J","1"
"1254","Circ Cardiovasc Imaging","1"
"1255","Clin Dysmorphol","1"
"1256","Clin Exp Immunol","1"
"1257","Clin Genet","1"
"1258","Clin Invest Med","1"
"1259","Clin Neuropathol","1"
"1260","Clin Orthop Relat Res","1"
"1261","Clin Transl Oncol","1"
"1262","CNS Neurosci Ther","1"
"1263","Comp Funct Genomics","1"
"1264","Comput Biol Chem","1"
"1265","Comput Inform Nurs","1"
"1266","Comput Med Imaging Graph","1"
"1267","Comput Methods Programs Biomed","1"
"1268","Comput Syst Bioinformatics Conf","1"
"1269","Concurr Comput","1"
"1270","Coron Artery Dis","1"
"1271","Croat Med J","1"
"1272","Cryo Letters","1"
"1273","CSH Protoc","1"
"1274","Cult Health Sex","1"
"1275","Curr Aging Sci","1"
"1276","Curr Cardiol Rep","1"
"1277","Curr HIV Res","1"
"1278","Curr Issues Intest Microbiol","1"
"1279","Curr Mol Med","1"
"1280","Curr Neuropharmacol","1"
"1281","Curr Opin Chem Biol","1"
"1282","Curr Opin HIV AIDS","1"
"1283","Curr Opin Lipidol","1"
"1284","Curr Opin Obstet Gynecol","1"
"1285","Curr Protoc Chem Biol","1"
"1286","Curr Psychopharmacol","1"
"1287","Curr Top Med Chem","1"
"1288","Cytobios","1"
"1289","Cytometry A","1"
"1290","Dalton Trans","1"
"1291","Dent Update","1"
"1292","Dev Genes Evol","1"
"1293","Diabetes Metab","1"
"1294","Diagn Microbiol Infect Dis","1"
"1295","Dis Model Mech","1"
"1296","Disaster Med Public Health Prep","1"
"1297","DNA Seq","1"
"1298","Doc Ophthalmol","1"
"1299","Dokl Biochem Biophys","1"
"1300","Drug Des Devel Ther","1"
"1301","Drug Dev Res","1"
"1302","Drug Discov Today Technol","1"
"1303","Early Hum Dev","1"
"1304","Ecol Appl","1"
"1305","Ecology","1"
"1306","EMBO Mol Med","1"
"1307","Emerg Microbes Infect","1"
"1308","Endocrinol Metab Seoul","1"
"1309","Endoscopy","1"
"1310","Enferm Infecc Microbiol Clin","1"
"1311","Environ Biosafety Res","1"
"1312","Environ Entomol","1"
"1313","Environ Res Lett","1"
"1314","Environ Sci Process Impacts","1"
"1315","EPMA J","1"
"1316","Equine Vet J","1"
"1317","Ethn Dis","1"
"1318","Eur Biophys J","1"
"1319","Eur Cytokine Netw","1"
"1320","Eur J Appl Physiol","1"
"1321","Eur J Endocrinol","1"
"1322","Eur J Epidemiol","1"
"1323","Eur J Gastroenterol Hepatol","1"
"1324","Eur J Heart Fail","1"
"1325","Eur J Immunol","1"
"1326","Eur J Inorg Chem","1"
"1327","Eur J Med Chem","1"
"1328","Eur J Med Res","1"
"1329","Eur J Neurol","1"
"1330","Eur J Obstet Gynecol Reprod Biol","1"
"1331","Eur J Ophthalmol","1"
"1332","Eur J Pharm Biopharm","1"
"1333","Eur J Public Health","1"
"1334","Evodevo","1"
"1335","Evol Dev","1"
"1336","Exp Gerontol","1"
"1337","Exp Neurobiol","1"
"1338","Exp Physiol","1"
"1339","Expert Rev Anti Infect Ther","1"
"1340","Expert Rev Med Devices","1"
"1341","Expert Rev Mol Med","1"
"1342","Eye Lond","1"
"1343","Faraday Discuss","1"
"1344","FEMS Immunol Med Microbiol","1"
"1345","FEMS Yeast Res","1"
"1346","Foodborne Pathog Dis","1"
"1347","Forensic Sci Med Pathol","1"
"1348","Forsch Komplementmed","1"
"1349","Free Radic Res","1"
"1350","Front Cell Neurosci","1"
"1351","Front Chem","1"
"1352","Front Endocrinol Lausanne","1"
"1353","Front Integr Neurosci","1"
"1354","Front Mol Biosci","1"
"1355","Front Neural Circuits","1"
"1356","Front Pediatr","1"
"1357","Front Psychiatry","1"
"1358","Future Oncol","1"
"1359","Gan To Kagaku Ryoho","1"
"1360","Gastric Cancer","1"
"1361","Gene Expr Patterns","1"
"1362","Genet Med","1"
"1363","Genet Res Int","1"
"1364","Geobiology","1"
"1365","Gerontology","1"
"1366","Glycobiology","1"
"1367","Guang Pu Xue Yu Guang Pu Fen Xi","1"
"1368","Gut Pathog","1"
"1369","Hamostaseologie","1"
"1370","Handb Exp Pharmacol","1"
"1371","Hawaii J Med Public Health","1"
"1372","Head Neck Pathol","1"
"1373","Helicobacter","1"
"1374","Hemodial Int","1"
"1375","Hepatol Int","1"
"1376","Histopathology","1"
"1377","Horm Behav","1"
"1378","Horm Mol Biol Clin Investig","1"
"1379","HPB Oxford","1"
"1380","Hugo J","1"
"1381","Hum Biol","1"
"1382","Hum Cell","1"
"1383","Hum Immunol","1"
"1384","IDrugs","1"
"1385","IEEE Int Workshop Genomic Signal Process Stat","1"
"1386","IEEE Pulse","1"
"1387","IEEE Trans Biomed Circuits Syst","1"
"1388","IEEE Trans Nanotechnol","1"
"1389","IEEE Trans Pattern Anal Mach Intell","1"
"1390","IEEE/ACM Trans Comput Biol Bioinform","1"
"1391","IET Nanobiotechnol","1"
"1392","Immunobiology","1"
"1393","Immunol Cell Biol","1"
"1394","In Silico Biol","1"
"1395","In Vivo","1"
"1396","Infect Chemother","1"
"1397","Innate Immun","1"
"1398","Int Forum Allergy Rhinol","1"
"1399","Int J Androl","1"
"1400","Int J Antimicrob Agents","1"
"1401","Int J Biol Macromol","1"
"1402","Int J Biol Markers","1"
"1403","Int J Cardiol","1"
"1404","Int J Clin Exp Med","1"
"1405","Int J Dent Hyg","1"
"1406","Int J Dev Neurosci","1"
"1407","Int J Gynecol Cancer","1"
"1408","Int J Gynecol Pathol","1"
"1409","Int J Hyg Environ Health","1"
"1410","Int J Immunogenet","1"
"1411","Int J Microbiol","1"
"1412","Int J Nanomedicine","1"
"1413","Int J Numer Method Biomed Eng","1"
"1414","Int J Obes Lond","1"
"1415","Int J Oral Sci","1"
"1416","Int J Plant Genomics","1"
"1417","Int J Radiat Biol","1"
"1418","Int Nurs Rev","1"
"1419","Int Urogynecol J Pelvic Floor Dysfunct","1"
"1420","Integr Cancer Ther","1"
"1421","Intensive Crit Care Nurs","1"
"1422","Intervirology","1"
"1423","Invest New Drugs","1"
"1424","Iran Biomed J","1"
"1425","Iran J Kidney Dis","1"
"1426","Isr J Chem","1"
"1427","Ital J Neurol Sci","1"
"1428","J Air Waste Manag Assoc","1"
"1429","J Am Med Inform Assoc","1"
"1430","J Am Soc Mass Spectrom","1"
"1431","J Am Soc Nephrol","1"
"1432","J Anim Sci Biotechnol","1"
"1433","J AOAC Int","1"
"1434","J Assist Reprod Genet","1"
"1435","J Atten Disord","1"
"1436","J Autoimmun","1"
"1437","J Biochem Mol Biol","1"
"1438","J Bioenerg Biomembr","1"
"1439","J Biol Regul Homeost Agents","1"
"1440","J Biomed Inform","1"
"1441","J Biomed Nanotechnol","1"
"1442","J Biomed Opt","1"
"1443","J Biomol Screen","1"
"1444","J Biomol Struct Dyn","1"
"1445","J BUON","1"
"1446","J Cancer Res Ther","1"
"1447","J Carcinog Mutagen","1"
"1448","J Card Fail","1"
"1449","J Cardiovasc Pharmacol","1"
"1450","J Cataract Refract Surg","1"
"1451","J Cell Biochem Suppl","1"
"1452","J Chem Neuroanat","1"
"1453","J Child Psychol Psychiatry","1"
"1454","J Control Release","1"
"1455","J Crit Care","1"
"1456","J Dairy Res","1"
"1457","J Dermatol Sci","1"
"1458","J Dev Orig Health Dis","1"
"1459","J Fish Biol","1"
"1460","J Forensic Dent Sci","1"
"1461","J Forensic Leg Med","1"
"1462","J Gastrointest Surg","1"
"1463","J Geriatr Psychiatry Neurol","1"
"1464","J Ginseng Res","1"
"1465","J Hand Surg Am","1"
"1466","J Heart Lung Transplant","1"
"1467","J Hepatobiliary Pancreat Sci","1"
"1468","J Huazhong Univ Sci Technolog Med Sci","1"
"1469","J Hum Hypertens","1"
"1470","J Hum Reprod Sci","1"
"1471","J Huntingtons Dis","1"
"1472","J Hypertens","1"
"1473","J Insect Sci","1"
"1474","J Int Bioethique","1"
"1475","J Int Med Res","1"
"1476","J Matern Fetal Neonatal Med","1"
"1477","J Med Invest","1"
"1478","J Med Virol","1"
"1479","J Mol Med Berl","1"
"1480","J Mol Recognit","1"
"1481","J Muscle Res Cell Motil","1"
"1482","J Nephrol","1"
"1483","J Neurocytol","1"
"1484","J Neurodev Disord","1"
"1485","J Neurogenet","1"
"1486","J Neurooncol","1"
"1487","J Neuropathol Exp Neurol","1"
"1488","J Neurosci Methods","1"
"1489","J Neurosurg","1"
"1490","J Neurovirol","1"
"1491","J Obstet Gynaecol Can","1"
"1492","J Obstet Gynaecol Res","1"
"1493","J Org Chem","1"
"1494","J Orthop Res","1"
"1495","J Pain","1"
"1496","J Pediatr Surg","1"
"1497","J Pharm Pharmacol","1"
"1498","J Phys Chem Lett","1"
"1499","J Phys Org Chem","1"
"1500","J Plant Res","1"
"1501","J Protein Chem","1"
"1502","J Psychiatr Ment Health Nurs","1"
"1503","J Psychosom Res","1"
"1504","J R Soc Interface","1"
"1505","J Reprod Dev","1"
"1506","J Rheumatol","1"
"1507","J Sleep Res","1"
"1508","J Soc Biol","1"
"1509","J Soc Gynecol Investig","1"
"1510","J Strength Cond Res","1"
"1511","J Thorac Dis","1"
"1512","J Thorac Oncol","1"
"1513","J Tissue Eng","1"
"1514","J UOEH","1"
"1515","J Urol","1"
"1516","J Vet Diagn Invest","1"
"1517","J Vet Intern Med","1"
"1518","J Vet Med Sci","1"
"1519","J Vet Sci","1"
"1520","J Viral Hepat","1"
"1521","J Women Aging","1"
"1522","JAKSTAT","1"
"1523","JAMA Neurol","1"
"1524","JAMA Psychiatry","1"
"1525","JIMD Rep","1"
"1526","Jpn J Pharmacol","1"
"1527","Jpn J Vet Res","1"
"1528","Jundishapur J Microbiol","1"
"1529","Kaohsiung J Med Sci","1"
"1530","Klin Mikrobiol Infekc Lek","1"
"1531","Korean J Lab Med","1"
"1532","Korean J Parasitol","1"
"1533","Kyobu Geka","1"
"1534","Lancet Infect Dis","1"
"1535","Learn Mem","1"
"1536","Leg Med Tokyo","1"
"1537","Leuk Res","1"
"1538","Lin Chung Er Bi Yan Hou Tou Jing Wai Ke Za Zhi","1"
"1539","Lipids Health Dis","1"
"1540","Liver Int","1"
"1541","Liver Transpl","1"
"1542","Macromol Biosci","1"
"1543","Mar Environ Res","1"
"1544","Mass Spectrom Tokyo","1"
"1545","Math Biosci Eng","1"
"1546","Maturitas","1"
"1547","Med Biol Eng Comput","1"
"1548","Med Intensiva","1"
"1549","Med Princ Pract","1"
"1550","Med Sci Monit Basic Res","1"
"1551","Medicine Baltimore","1"
"1552","Mediterr J Hematol Infect Dis","1"
"1553","Mem Inst Oswaldo Cruz","1"
"1554","Membr Cell Biol","1"
"1555","Metab Eng","1"
"1556","Metabolomics","1"
"1557","Methods Cell Biol","1"
"1558","Microb Drug Resist","1"
"1559","Microbiol Mol Biol Rev","1"
"1560","Microbiol Spectr","1"
"1561","Mob DNA","1"
"1562","Mol Breed","1"
"1563","Mol Genet Metab","1"
"1564","Mol Neurobiol","1"
"1565","Mol Neurodegener","1"
"1566","Mol Nutr Food Res","1"
"1567","Mol Syndromol","1"
"1568","Mult Scler Relat Disord","1"
"1569","Muscle Nerve","1"
"1570","Mutagenesis","1"
"1571","Mycobiology","1"
"1572","Mycoses","1"
"1573","N Z Vet J","1"
"1574","Nano Today","1"
"1575","Nanomedicine Lond","1"
"1576","Nat Rev Rheumatol","1"
"1577","Nat Struct Biol","1"
"1578","Neural Dev","1"
"1579","Neuro Endocrinol Lett","1"
"1580","Neurogenetics","1"
"1581","Neuroimage","1"
"1582","Neurol Res","1"
"1583","Neuromuscul Disord","1"
"1584","Neuropathol Appl Neurobiol","1"
"1585","Neuropathology","1"
"1586","Neuropsychopharmacology","1"
"1587","NeuroRehabilitation","1"
"1588","Neurotoxicology","1"
"1589","New J Chem","1"
"1590","Nihon Rinsho","1"
"1591","Nihon Shinkei Seishin Yakurigaku Zasshi","1"
"1592","Nitric Oxide","1"
"1593","Nucl Med Commun","1"
"1594","Nucl Recept Signal","1"
"1595","Nucleic Acid Ther","1"
"1596","Nutr J","1"
"1597","Nutr Metab Lond","1"
"1598","Obes Rev","1"
"1599","Obesity Silver Spring","1"
"1600","Odontostomatol Trop","1"
"1601","Oligonucleotides","1"
"1602","Oncoimmunology","1"
"1603","Open Forum Infect Dis","1"
"1604","Ophthalmology","1"
"1605","Org Lett","1"
"1606","Orphanet J Rare Dis","1"
"1607","Orv Hetil","1"
"1608","Osteoporos Int","1"
"1609","Pak J Biol Sci","1"
"1610","Pak J Med Sci","1"
"1611","Pak J Pharm Sci","1"
"1612","Pancreas","1"
"1613","Parasitology","1"
"1614","Parkinsonism Relat Disord","1"
"1615","Part Fibre Toxicol","1"
"1616","Pathobiology","1"
"1617","Pathol Biol Paris","1"
"1618","Pediatr Hematol Oncol","1"
"1619","Pediatr Nephrol","1"
"1620","Pediatr Pulmonol","1"
"1621","Pediatrics","1"
"1622","Pestic Biochem Physiol","1"
"1623","Pflugers Arch","1"
"1624","Pharmacol Biochem Behav","1"
"1625","Pharmacol Res","1"
"1626","Pharmacotherapy","1"
"1627","Pharmazie","1"
"1628","Philos Trans A Math Phys Eng Sci","1"
"1629","Photochem Photobiol Sci","1"
"1630","Photosynth Res","1"
"1631","Phys Biol","1"
"1632","Phys Chem Chem Phys","1"
"1633","Phys Med Biol","1"
"1634","Physiol Rep","1"
"1635","Phytomedicine","1"
"1636","Pigment Cell Melanoma Res","1"
"1637","Plant Soil","1"
"1638","Plast Reconstr Surg","1"
"1639","PLoS Med","1"
"1640","Popul Health Metr","1"
"1641","Postepy Biochem","1"
"1642","Prep Biochem Biotechnol","1"
"1643","Proceedings IEEE Int Conf Bioinformatics Biomed","1"
"1644","Prog Neurobiol","1"
"1645","Protein Cell","1"
"1646","Protein J","1"
"1647","Przegl Epidemiol","1"
"1648","Psychol Bull","1"
"1649","Psychoneuroendocrinology","1"
"1650","Psychopharmacology Berl","1"
"1651","Psychother Psychosom","1"
"1652","Public Health Genomics","1"
"1653","Public Health Nutr","1"
"1654","Pulm Circ","1"
"1655","Radiat Environ Biophys","1"
"1656","Radiology","1"
"1657","Recent Pat Biomed Eng","1"
"1658","Recenti Prog Med","1"
"1659","Receptors Channels","1"
"1660","Redox Biol","1"
"1661","Rejuvenation Res","1"
"1662","Reproduction","1"
"1663","Res Theory Nurs Pract","1"
"1664","Res Vet Sci","1"
"1665","Respir Med","1"
"1666","Respir Res","1"
"1667","Results Immunol","1"
"1668","Rev Chilena Infectol","1"
"1669","Rev Neurol Paris","1"
"1670","Rev Panam Salud Publica","1"
"1671","Rev Sci Instrum","1"
"1672","Rheum Dis Clin North Am","1"
"1673","Rheumatology Oxford","1"
"1674","Rice N Y","1"
"1675","Rinsho Byori","1"
"1676","Rinsho Shinkeigaku","1"
"1677","Rom J Morphol Embryol","1"
"1678","SAHARA J","1"
"1679","Sante Publique","1"
"1680","Saudi Med J","1"
"1681","Scanning","1"
"1682","Schizophr Bull","1"
"1683","Sci China C Life Sci","1"
"1684","Semin Immunopathol","1"
"1685","Sex Dev","1"
"1686","Sex Transm Dis","1"
"1687","Sheng Wu Hua Xue Yu Sheng Wu Wu Li Xue Bao Shanghai","1"
"1688","Sheng Wu Yi Xue Gong Cheng Xue Za Zhi","1"
"1689","Single Cell Biol","1"
"1690","Soil Biol Biochem","1"
"1691","Spine Phila Pa 1976","1"
"1692","Springerplus","1"
"1693","Stat Sci","1"
"1694","Stem Cell Rev","1"
"1695","Stud Mycol","1"
"1696","Surg Infect Larchmt","1"
"1697","Tanpakushitsu Kakusan Koso","1"
"1698","Technol Health Care","1"
"1699","Therapie","1"
"1700","Theriogenology","1"
"1701","Thromb Res","1"
"1702","Tissue Eng Part B Rev","1"
"1703","Tohoku J Exp Med","1"
"1704","Toxicol Ind Health","1"
"1705","Toxicol Pathol","1"
"1706","Transfus Med","1"
"1707","Transfusion","1"
"1708","Transl Androl Urol","1"
"1709","Transl Lung Cancer Res","1"
"1710","Transl Stroke Res","1"
"1711","Transpl Infect Dis","1"
"1712","Transplant Proc","1"
"1713","Tree Physiol","1"
"1714","Trends Biochem Sci","1"
"1715","Trends Cardiovasc Med","1"
"1716","Trends Cell Biol","1"
"1717","Trends Microbiol","1"
"1718","Trends Parasitol","1"
"1719","Trop Parasitol","1"
"1720","Tsitol Genet","1"
"1721","Twin Res Hum Genet","1"
"1722","Ups J Med Sci","1"
"1723","Vasc Health Risk Manag","1"
"1724","Vet Comp Oncol","1"
"1725","Vet Pathol","1"
"1726","Vet Res Commun","1"
"1727","Water Environ Res","1"
"1728","Wiley Interdiscip Rev Nanomed Nanobiotechnol","1"
"1729","World J Biol Chem","1"
"1730","World Neurosurg","1"
"1731","WormBook","1"
"1732","Xenotransplantation","1"
"1733","Yale J Biol Med","1"
"1734","Zhi Wu Sheng Li Yu Fen Zi Sheng Wu Xue Xue Bao","1"
"1735","Zhongguo Shi Yan Xue Ye Xue Za Zhi","1"
"1736","Zhongguo Ying Yong Sheng Li Xue Za Zhi","1"
"1737","Zhonghua Er Bi Yan Hou Tou Jing Wai Ke Za Zhi","1"
"1738","Zhonghua Nan Ke Xue","1"
"1739","Zhonghua Wei Chang Wai Ke Za Zhi","1"
"1740","Zhonghua Yi Xue Za Zhi","1"
"1741","Zhonghua Yu Fang Yi Xue Za Zhi","1"
"1742","Zhonghua Zheng Xing Wai Ke Za Zhi","1"
"1743","Zookeys","1"
"1744","Zoonoses Public Health","1"
